threshold,precision,recall,f1,tp,fp,fn,tn
0.01,0.0369,0.6983,0.0701,2025,52877,875,26375
0.0149,0.0369,0.6983,0.0701,2025,52877,875,26375
0.0198,0.0369,0.6983,0.0701,2025,52877,875,26375
0.0248,0.0369,0.6983,0.0701,2025,52877,875,26375
0.0297,0.0369,0.6983,0.0701,2025,52877,875,26375
0.0346,0.0369,0.6469,0.0698,1876,48978,1024,30274
0.0395,0.0369,0.6469,0.0698,1876,48978,1024,30274
0.0445,0.0369,0.6469,0.0698,1876,48978,1024,30274
0.0494,0.0369,0.6469,0.0698,1876,48978,1024,30274
0.0543,0.0369,0.6469,0.0698,1876,48978,1024,30274
0.0592,0.0369,0.6469,0.0698,1876,48978,1024,30274
0.0642,0.0369,0.6469,0.0698,1876,48978,1024,30274
0.0691,0.0372,0.6183,0.0701,1793,46463,1107,32789
0.074,0.0372,0.6183,0.0701,1793,46463,1107,32789
0.0789,0.0372,0.6183,0.0701,1793,46463,1107,32789
0.0839,0.0372,0.6183,0.0701,1793,46463,1107,32789
0.0888,0.0372,0.6183,0.0701,1793,46463,1107,32789
0.0937,0.0372,0.6183,0.0701,1793,46463,1107,32789
0.0986,0.0372,0.6183,0.0701,1793,46463,1107,32789
0.1036,0.0368,0.5869,0.0693,1702,44507,1198,34745
0.1085,0.0368,0.5869,0.0693,1702,44507,1198,34745
0.1134,0.0368,0.5869,0.0693,1702,44507,1198,34745
0.1183,0.0368,0.5869,0.0693,1702,44507,1198,34745
0.1233,0.0368,0.5869,0.0693,1702,44507,1198,34745
0.1282,0.0368,0.5869,0.0693,1702,44507,1198,34745
0.1331,0.0368,0.5869,0.0693,1702,44507,1198,34745
0.138,0.0369,0.5659,0.0693,1641,42844,1259,36408
0.143,0.0369,0.5659,0.0693,1641,42844,1259,36408
0.1479,0.0369,0.5659,0.0693,1641,42844,1259,36408
0.1528,0.0369,0.5659,0.0693,1641,42844,1259,36408
0.1577,0.0369,0.5659,0.0693,1641,42844,1259,36408
0.1627,0.0369,0.5659,0.0693,1641,42844,1259,36408
0.1676,0.0369,0.5452,0.0691,1581,41298,1319,37954
0.1725,0.0369,0.5452,0.0691,1581,41298,1319,37954
0.1774,0.0369,0.5452,0.0691,1581,41298,1319,37954
0.1824,0.0369,0.5452,0.0691,1581,41298,1319,37954
0.1873,0.0369,0.5452,0.0691,1581,41298,1319,37954
0.1922,0.0369,0.5452,0.0691,1581,41298,1319,37954
0.1971,0.0369,0.5452,0.0691,1581,41298,1319,37954
0.2021,0.0367,0.52,0.0685,1508,39593,1392,39659
0.207,0.0367,0.52,0.0685,1508,39593,1392,39659
0.2119,0.0367,0.52,0.0685,1508,39593,1392,39659
0.2168,0.0367,0.52,0.0685,1508,39593,1392,39659
0.2218,0.0367,0.52,0.0685,1508,39593,1392,39659
0.2267,0.0367,0.52,0.0685,1508,39593,1392,39659
0.2316,0.0367,0.52,0.0685,1508,39593,1392,39659
0.2365,0.0366,0.4962,0.0682,1439,37872,1461,41380
0.2415,0.0366,0.4962,0.0682,1439,37872,1461,41380
0.2464,0.0366,0.4962,0.0682,1439,37872,1461,41380
0.2513,0.0366,0.4962,0.0682,1439,37872,1461,41380
0.2562,0.0366,0.4962,0.0682,1439,37872,1461,41380
0.2612,0.0366,0.4962,0.0682,1439,37872,1461,41380
0.2661,0.0366,0.4962,0.0682,1439,37872,1461,41380
0.271,0.0367,0.4759,0.0681,1380,36269,1520,42983
0.2759,0.0367,0.4759,0.0681,1380,36269,1520,42983
0.2809,0.0367,0.4759,0.0681,1380,36269,1520,42983
0.2858,0.0367,0.4759,0.0681,1380,36269,1520,42983
0.2907,0.0367,0.4759,0.0681,1380,36269,1520,42983
0.2956,0.0367,0.4759,0.0681,1380,36269,1520,42983
0.3006,0.0364,0.4514,0.0674,1309,34654,1591,44598
0.3055,0.0364,0.4514,0.0674,1309,34654,1591,44598
0.3104,0.0364,0.4514,0.0674,1309,34654,1591,44598
0.3153,0.0364,0.4514,0.0674,1309,34654,1591,44598
0.3203,0.0364,0.4514,0.0674,1309,34654,1591,44598
0.3252,0.0364,0.4514,0.0674,1309,34654,1591,44598
0.3301,0.0364,0.4514,0.0674,1309,34654,1591,44598
0.335,0.0366,0.4328,0.0674,1255,33077,1645,46175
0.3399,0.0366,0.4328,0.0674,1255,33077,1645,46175
0.3449,0.0366,0.4328,0.0674,1255,33077,1645,46175
0.3498,0.0366,0.4328,0.0674,1255,33077,1645,46175
0.3547,0.0366,0.4328,0.0674,1255,33077,1645,46175
0.3596,0.0366,0.4328,0.0674,1255,33077,1645,46175
0.3646,0.0366,0.4328,0.0674,1255,33077,1645,46175
0.3695,0.037,0.4176,0.0681,1211,31479,1689,47773
0.3744,0.037,0.4176,0.0681,1211,31479,1689,47773
0.3793,0.037,0.4176,0.0681,1211,31479,1689,47773
0.3843,0.037,0.4176,0.0681,1211,31479,1689,47773
0.3892,0.037,0.4176,0.0681,1211,31479,1689,47773
0.3941,0.037,0.4176,0.0681,1211,31479,1689,47773
0.399,0.037,0.4176,0.0681,1211,31479,1689,47773
0.404,0.0368,0.3969,0.0674,1151,30090,1749,49162
0.4089,0.0368,0.3969,0.0674,1151,30090,1749,49162
0.4138,0.0368,0.3969,0.0674,1151,30090,1749,49162
0.4187,0.0368,0.3969,0.0674,1151,30090,1749,49162
0.4237,0.0368,0.3969,0.0674,1151,30090,1749,49162
0.4286,0.0368,0.3969,0.0674,1151,30090,1749,49162
0.4335,0.0369,0.379,0.0672,1099,28712,1801,50540
0.4384,0.0369,0.379,0.0672,1099,28712,1801,50540
0.4434,0.0369,0.379,0.0672,1099,28712,1801,50540
0.4483,0.0369,0.379,0.0672,1099,28712,1801,50540
0.4532,0.0369,0.379,0.0672,1099,28712,1801,50540
0.4581,0.0369,0.379,0.0672,1099,28712,1801,50540
0.4631,0.0369,0.379,0.0672,1099,28712,1801,50540
0.468,0.0371,0.3617,0.0673,1049,27242,1851,52010
0.4729,0.0371,0.3617,0.0673,1049,27242,1851,52010
0.4778,0.0371,0.3617,0.0673,1049,27242,1851,52010
0.4828,0.0371,0.3617,0.0673,1049,27242,1851,52010
0.4877,0.0371,0.3617,0.0673,1049,27242,1851,52010
0.4926,0.0371,0.3617,0.0673,1049,27242,1851,52010
0.4975,0.0371,0.3617,0.0673,1049,27242,1851,52010
0.5025,0.037,0.3431,0.0668,995,25902,1905,53350
0.5074,0.037,0.3431,0.0668,995,25902,1905,53350
0.5123,0.037,0.3431,0.0668,995,25902,1905,53350
0.5172,0.037,0.3431,0.0668,995,25902,1905,53350
0.5222,0.037,0.3431,0.0668,995,25902,1905,53350
0.5271,0.037,0.3431,0.0668,995,25902,1905,53350
0.532,0.037,0.3431,0.0668,995,25902,1905,53350
0.5369,0.0369,0.3269,0.0663,948,24744,1952,54508
0.5419,0.0369,0.3269,0.0663,948,24744,1952,54508
0.5468,0.0369,0.3269,0.0663,948,24744,1952,54508
0.5517,0.0369,0.3269,0.0663,948,24744,1952,54508
0.5566,0.0369,0.3269,0.0663,948,24744,1952,54508
0.5616,0.0369,0.3269,0.0663,948,24744,1952,54508
0.5665,0.0369,0.3269,0.0663,948,24744,1952,54508
0.5714,0.0368,0.311,0.0657,902,23636,1998,55616
0.5763,0.0368,0.311,0.0657,902,23636,1998,55616
0.5813,0.0368,0.311,0.0657,902,23636,1998,55616
0.5862,0.0368,0.311,0.0657,902,23636,1998,55616
0.5911,0.0368,0.311,0.0657,902,23636,1998,55616
0.596,0.0368,0.311,0.0657,902,23636,1998,55616
0.601,0.037,0.2997,0.0659,869,22586,2031,56666
0.6059,0.037,0.2997,0.0659,869,22586,2031,56666
0.6108,0.037,0.2997,0.0659,869,22586,2031,56666
0.6157,0.037,0.2997,0.0659,869,22586,2031,56666
0.6207,0.037,0.2997,0.0659,869,22586,2031,56666
0.6256,0.037,0.2997,0.0659,869,22586,2031,56666
0.6305,0.037,0.2997,0.0659,869,22586,2031,56666
0.6354,0.0372,0.2866,0.0659,831,21490,2069,57762
0.6404,0.0372,0.2866,0.0659,831,21490,2069,57762
0.6453,0.0372,0.2866,0.0659,831,21490,2069,57762
0.6502,0.0372,0.2866,0.0659,831,21490,2069,57762
0.6551,0.0372,0.2866,0.0659,831,21490,2069,57762
0.6601,0.0372,0.2866,0.0659,831,21490,2069,57762
0.665,0.0372,0.2866,0.0659,831,21490,2069,57762
0.6699,0.0368,0.2679,0.0647,777,20332,2123,58920
0.6748,0.0368,0.2679,0.0647,777,20332,2123,58920
0.6797,0.0368,0.2679,0.0647,777,20332,2123,58920
0.6847,0.0368,0.2679,0.0647,777,20332,2123,58920
0.6896,0.0368,0.2679,0.0647,777,20332,2123,58920
0.6945,0.0368,0.2679,0.0647,777,20332,2123,58920
0.6994,0.0368,0.2679,0.0647,777,20332,2123,58920
0.7044,0.0373,0.2548,0.065,739,19083,2161,60169
0.7093,0.0373,0.2548,0.065,739,19083,2161,60169
0.7142,0.0373,0.2548,0.065,739,19083,2161,60169
0.7191,0.0373,0.2548,0.065,739,19083,2161,60169
0.7241,0.0373,0.2548,0.065,739,19083,2161,60169
0.729,0.0373,0.2548,0.065,739,19083,2161,60169
0.7339,0.0372,0.2359,0.0643,684,17679,2216,61573
0.7388,0.0372,0.2359,0.0643,684,17679,2216,61573
0.7438,0.0372,0.2359,0.0643,684,17679,2216,61573
0.7487,0.0372,0.2359,0.0643,684,17679,2216,61573
0.7536,0.0372,0.2359,0.0643,684,17679,2216,61573
0.7585,0.0372,0.2359,0.0643,684,17679,2216,61573
0.7635,0.0372,0.2359,0.0643,684,17679,2216,61573
0.7684,0.0373,0.2152,0.0636,624,16089,2276,63163
0.7733,0.0373,0.2152,0.0636,624,16089,2276,63163
0.7782,0.0373,0.2152,0.0636,624,16089,2276,63163
0.7832,0.0373,0.2152,0.0636,624,16089,2276,63163
0.7881,0.0373,0.2152,0.0636,624,16089,2276,63163
0.793,0.0373,0.2152,0.0636,624,16089,2276,63163
0.7979,0.0373,0.2152,0.0636,624,16089,2276,63163
0.8029,0.0368,0.1886,0.0616,547,14307,2353,64945
0.8078,0.0368,0.1886,0.0616,547,14307,2353,64945
0.8127,0.0368,0.1886,0.0616,547,14307,2353,64945
0.8176,0.0368,0.1886,0.0616,547,14307,2353,64945
0.8226,0.0368,0.1886,0.0616,547,14307,2353,64945
0.8275,0.0368,0.1886,0.0616,547,14307,2353,64945
0.8324,0.0368,0.1886,0.0616,547,14307,2353,64945
0.8373,0.0387,0.1693,0.063,491,12191,2409,67061
0.8423,0.0387,0.1693,0.063,491,12191,2409,67061
0.8472,0.0387,0.1693,0.063,491,12191,2409,67061
0.8521,0.0387,0.1693,0.063,491,12191,2409,67061
0.857,0.0387,0.1693,0.063,491,12191,2409,67061
0.862,0.0387,0.1693,0.063,491,12191,2409,67061
0.8669,0.0382,0.1334,0.0594,387,9736,2513,69516
0.8718,0.0382,0.1334,0.0594,387,9736,2513,69516
0.8767,0.0382,0.1334,0.0594,387,9736,2513,69516
0.8817,0.0382,0.1334,0.0594,387,9736,2513,69516
0.8866,0.0382,0.1334,0.0594,387,9736,2513,69516
0.8915,0.0382,0.1334,0.0594,387,9736,2513,69516
0.8964,0.0382,0.1334,0.0594,387,9736,2513,69516
0.9014,0.0422,0.1072,0.0606,311,7056,2589,72196
0.9063,0.0422,0.1072,0.0606,311,7056,2589,72196
0.9112,0.0422,0.1072,0.0606,311,7056,2589,72196
0.9161,0.0422,0.1072,0.0606,311,7056,2589,72196
0.9211,0.0422,0.1072,0.0606,311,7056,2589,72196
0.926,0.0422,0.1072,0.0606,311,7056,2589,72196
0.9309,0.0422,0.1072,0.0606,311,7056,2589,72196
0.9358,0.0408,0.0638,0.0498,185,4349,2715,74903
0.9408,0.0408,0.0638,0.0498,185,4349,2715,74903
0.9457,0.0408,0.0638,0.0498,185,4349,2715,74903
0.9506,0.0408,0.0638,0.0498,185,4349,2715,74903
0.9555,0.0408,0.0638,0.0498,185,4349,2715,74903
0.9605,0.0408,0.0638,0.0498,185,4349,2715,74903
0.9654,0.0408,0.0638,0.0498,185,4349,2715,74903
0.9703,0.0386,0.0245,0.03,71,1767,2829,77485
0.9752,0.0386,0.0245,0.03,71,1767,2829,77485
0.9802,0.0386,0.0245,0.03,71,1767,2829,77485
0.9851,0.0386,0.0245,0.03,71,1767,2829,77485
0.99,0.0386,0.0245,0.03,71,1767,2829,77485
